bertopic_topic_id,keyword_rank,keyword,keyword_score,auto_topic_label
-1,1,melindungi,0.5838225539777508,Outlier / tidak terklaster
-1,2,ancaman,0.55723515110309,Outlier / tidak terklaster
-1,3,melindungi ancaman,0.525533061519559,Outlier / tidak terklaster
-1,4,pertumbuhan,0.45498059564841775,Outlier / tidak terklaster
-1,5,merdeka,0.44643303320614286,Outlier / tidak terklaster
-1,6,who save,0.443683186183581,Outlier / tidak terklaster
-1,7,berani melihat,0.40707615902933003,Outlier / tidak terklaster
-1,8,tujuan,0.40707615902933003,Outlier / tidak terklaster
-1,9,from,0.4025837366112975,Outlier / tidak terklaster
-1,10,kesejahteraan,0.3860143064542927,Outlier / tidak terklaster
0,1,bupati,0.3320308074886467,bupati / hadir / menteri / hormati / wali kota
0,2,hadir,0.325570100745798,bupati / hadir / menteri / hormati / wali kota
0,3,menteri,0.29954404276409086,bupati / hadir / menteri / hormati / wali kota
0,4,hormati,0.28488105227034644,bupati / hadir / menteri / hormati / wali kota
0,5,wali kota,0.2770976952369949,bupati / hadir / menteri / hormati / wali kota
0,6,wali,0.2770976952369949,bupati / hadir / menteri / hormati / wali kota
0,7,saudari,0.27382023451057497,bupati / hadir / menteri / hormati / wali kota
0,8,gubernur,0.2690511185599281,bupati / hadir / menteri / hormati / wali kota
0,9,kota,0.2665775934425957,bupati / hadir / menteri / hormati / wali kota
0,10,kepala,0.2602262805363824,bupati / hadir / menteri / hormati / wali kota
1,1,kampus,0.3465961647597475,kampus / stability / growth / peace stability / over
1,2,stability,0.3288099926759365,kampus / stability / growth / peace stability / over
1,3,growth,0.312702489750352,kampus / stability / growth / peace stability / over
1,4,peace stability,0.3087805796517235,kampus / stability / growth / peace stability / over
1,5,over,0.30182371077517595,kampus / stability / growth / peace stability / over
1,6,always,0.3016235266830871,kampus / stability / growth / peace stability / over
1,7,economy,0.2931823122990124,kampus / stability / growth / peace stability / over
1,8,it,0.27967433624311944,kampus / stability / growth / peace stability / over
1,9,did,0.2753433490643137,kampus / stability / growth / peace stability / over
1,10,dokter,0.2753433490643137,kampus / stability / growth / peace stability / over
2,1,energi,0.3755367688647807,energi / menghasilkan / kesulitan / hasilkan / tergantung
2,2,menghasilkan,0.33364218800121814,energi / menghasilkan / kesulitan / hasilkan / tergantung
2,3,kesulitan,0.3184480520297089,energi / menghasilkan / kesulitan / hasilkan / tergantung
2,4,hasilkan,0.3007436141282064,energi / menghasilkan / kesulitan / hasilkan / tergantung
2,5,tergantung,0.29502127969310354,energi / menghasilkan / kesulitan / hasilkan / tergantung
2,6,tim,0.2889426105832785,energi / menghasilkan / kesulitan / hasilkan / tergantung
2,7,kemampuan,0.2825664046921129,energi / menghasilkan / kesulitan / hasilkan / tergantung
2,8,luar,0.27671589361094895,energi / menghasilkan / kesulitan / hasilkan / tergantung
2,9,bangsa,0.2735633918798934,energi / menghasilkan / kesulitan / hasilkan / tergantung
2,10,waktu,0.2700819915289047,energi / menghasilkan / kesulitan / hasilkan / tergantung
3,1,000,0.3958156041859006,000 / rice / years / 000 murid / 83
3,2,rice,0.32748029964329567,000 / rice / years / 000 murid / 83
3,3,years,0.3037706271632103,000 / rice / years / 000 murid / 83
3,4,000 murid,0.3016907209985033,000 / rice / years / 000 murid / 83
3,5,83,0.3016907209985033,000 / rice / years / 000 murid / 83
3,6,83 000,0.3016907209985033,000 / rice / years / 000 murid / 83
3,7,sasaran,0.28384571583838375,000 / rice / years / 000 murid / 83
3,8,villages,0.28043625984843723,000 / rice / years / 000 murid / 83
3,9,reach,0.27677136858330087,000 / rice / years / 000 murid / 83
3,10,murid,0.27053567162921005,000 / rice / years / 000 murid / 83
4,1,kemerdekaan,0.4036502068010826,kemerdekaan / dia / perang / mau / enggak
4,2,dia,0.4016810338268895,kemerdekaan / dia / perang / mau / enggak
4,3,perang,0.37947747555418426,kemerdekaan / dia / perang / mau / enggak
4,4,mau,0.3453953743660299,kemerdekaan / dia / perang / mau / enggak
4,5,enggak,0.3331359141309577,kemerdekaan / dia / perang / mau / enggak
4,6,rakyat,0.32445958150488624,kemerdekaan / dia / perang / mau / enggak
4,7,perang kemerdekaan,0.32395794270594325,kemerdekaan / dia / perang / mau / enggak
4,8,tentara,0.31787185734222867,kemerdekaan / dia / perang / mau / enggak
4,9,selalu,0.306160276765519,kemerdekaan / dia / perang / mau / enggak
4,10,pejuang,0.30552740453793703,kemerdekaan / dia / perang / mau / enggak
5,1,swasembada,0.4285732971074955,swasembada / amran / harga / tokoh / kulitnya
5,2,amran,0.356877507795073,swasembada / amran / harga / tokoh / kulitnya
5,3,harga,0.3513313214050361,swasembada / amran / harga / tokoh / kulitnya
5,4,tokoh,0.3360134701408778,swasembada / amran / harga / tokoh / kulitnya
5,5,kulitnya,0.3336069296921031,swasembada / amran / harga / tokoh / kulitnya
5,6,jadi,0.3332178211710488,swasembada / amran / harga / tokoh / kulitnya
5,7,petani,0.3324401141008834,swasembada / amran / harga / tokoh / kulitnya
5,8,anaknya,0.3242706300853991,swasembada / amran / harga / tokoh / kulitnya
5,9,turun,0.3146274436531307,swasembada / amran / harga / tokoh / kulitnya
5,10,swasembada swasembada,0.3146274436531307,swasembada / amran / harga / tokoh / kulitnya
6,1,anak,0.398775692326375,anak / orang tuamu / tuamu / son / kau
6,2,orang tuamu,0.38501821971429045,anak / orang tuamu / tuamu / son / kau
6,3,tuamu,0.38501821971429045,anak / orang tuamu / tuamu / son / kau
6,4,son,0.36311385480028324,anak / orang tuamu / tuamu / son / kau
6,5,kau,0.357594518320071,anak / orang tuamu / tuamu / son / kau
6,6,ya,0.3486943623013001,anak / orang tuamu / tuamu / son / kau
6,7,anak anak,0.34684607935756756,anak / orang tuamu / tuamu / son / kau
6,8,dukungan,0.3366399894931881,anak / orang tuamu / tuamu / son / kau
6,9,bayangkan,0.3247789051621687,anak / orang tuamu / tuamu / son / kau
6,10,kalau,0.3211016230763204,anak / orang tuamu / tuamu / son / kau
7,1,united nations,0.4738914635941832,united nations / nations / united / peace / all
7,2,nations,0.4725901022613903,united nations / nations / united / peace / all
7,3,united,0.4540498834900426,united nations / nations / united / peace / all
7,4,peace,0.4496151030583172,united nations / nations / united / peace / all
7,5,all,0.41154791636101284,united nations / nations / united / peace / all
7,6,together,0.38012964575757513,united nations / nations / united / peace / all
7,7,secure,0.3755636606982045,united nations / nations / united / peace / all
7,8,may,0.3706555936018192,united nations / nations / united / peace / all
7,9,let,0.3623046721612442,united nations / nations / united / peace / all
7,10,needs,0.3613735346639258,united nations / nations / united / peace / all
8,1,koperasi,0.37586433818247655,koperasi / meals / day / guru / desember
8,2,meals,0.3653454257726359,koperasi / meals / day / guru / desember
8,3,day,0.35623984388165064,koperasi / meals / day / guru / desember
8,4,guru,0.35448075371777177,koperasi / meals / day / guru / desember
8,5,desember,0.34103905615811125,koperasi / meals / day / guru / desember
8,6,ribu,0.33351321829500324,koperasi / meals / day / guru / desember
8,7,koperasi merah,0.32950717354465825,koperasi / meals / day / guru / desember
8,8,panels,0.32950717354465825,koperasi / meals / day / guru / desember
8,9,ribu koperasi,0.32950717354465825,koperasi / meals / day / guru / desember
8,10,pertamina,0.3252664346943062,koperasi / meals / day / guru / desember
9,1,brics,0.6098446841443204,brics / best / danantara / now / biggest
9,2,best,0.4944477826498901,brics / best / danantara / now / biggest
9,3,danantara,0.47915351767524406,brics / best / danantara / now / biggest
9,4,now,0.47298953731095994,brics / best / danantara / now / biggest
9,5,biggest,0.443683186183581,brics / best / danantara / now / biggest
9,6,fully support,0.443683186183581,brics / best / danantara / now / biggest
9,7,fully,0.443683186183581,brics / best / danantara / now / biggest
9,8,finance,0.443683186183581,brics / best / danantara / now / biggest
9,9,where,0.43122531162901717,brics / best / danantara / now / biggest
9,10,resources,0.42306089905061667,brics / best / danantara / now / biggest
10,1,sudah,0.4011262270203455,sudah / proyek / mengerti / juta / sembilan
10,2,proyek,0.392675350254488,sudah / proyek / mengerti / juta / sembilan
10,3,mengerti,0.35375310283339445,sudah / proyek / mengerti / juta / sembilan
10,4,juta,0.3446212715326592,sudah / proyek / mengerti / juta / sembilan
10,5,sembilan,0.34249854380655476,sudah / proyek / mengerti / juta / sembilan
10,6,sita,0.34249854380655476,sudah / proyek / mengerti / juta / sembilan
10,7,singapura,0.34249854380655476,sudah / proyek / mengerti / juta / sembilan
10,8,siapkan,0.34249854380655476,sudah / proyek / mengerti / juta / sembilan
10,9,mungkin,0.3387508707787871,sudah / proyek / mengerti / juta / sembilan
10,10,sampai,0.33765238069840986,sudah / proyek / mengerti / juta / sembilan
11,1,akal,0.4114599030494558,akal / berjuang / masuk akal / leader / negara begini
11,2,berjuang,0.3813480985305393,akal / berjuang / masuk akal / leader / negara begini
11,3,masuk akal,0.37861686985749743,akal / berjuang / masuk akal / leader / negara begini
11,4,leader,0.37861686985749743,akal / berjuang / masuk akal / leader / negara begini
11,5,negara begini,0.36921561219951093,akal / berjuang / masuk akal / leader / negara begini
11,6,bagaimana negara,0.36921561219951093,akal / berjuang / masuk akal / leader / negara begini
11,7,many them,0.3680209252936225,akal / berjuang / masuk akal / leader / negara begini
11,8,masuk,0.3639914174951884,akal / berjuang / masuk akal / leader / negara begini
11,9,negara,0.355523909847171,akal / berjuang / masuk akal / leader / negara begini
11,10,benar,0.3524674023639435,akal / berjuang / masuk akal / leader / negara begini
12,1,persen,0.3713284819149525,persen / sekarang / jadi bangsa / selama / petani
12,2,sekarang,0.3563394324745121,persen / sekarang / jadi bangsa / selama / petani
12,3,jadi bangsa,0.3504985266480588,persen / sekarang / jadi bangsa / selama / petani
12,4,selama,0.34936440342443587,persen / sekarang / jadi bangsa / selama / petani
12,5,petani,0.344114843914048,persen / sekarang / jadi bangsa / selama / petani
12,6,million hectares,0.32157989848705937,persen / sekarang / jadi bangsa / selama / petani
12,7,hectares,0.32157989848705937,persen / sekarang / jadi bangsa / selama / petani
12,8,mampu,0.31991917046292023,persen / sekarang / jadi bangsa / selama / petani
12,9,bangsa,0.3196002391181755,persen / sekarang / jadi bangsa / selama / petani
12,10,sejarah,0.31126961774009543,persen / sekarang / jadi bangsa / selama / petani
13,1,my,0.447673567371806,my / praktik / determined / markup / nature
13,2,praktik,0.4050717609913957,my / praktik / determined / markup / nature
13,3,determined,0.3688009373558938,my / praktik / determined / markup / nature
13,4,markup,0.36790245233508023,my / praktik / determined / markup / nature
13,5,nature,0.36790245233508023,my / praktik / determined / markup / nature
13,6,there,0.36568450725764484,my / praktik / determined / markup / nature
13,7,one,0.3517950355744672,my / praktik / determined / markup / nature
13,8,down,0.35080243537424705,my / praktik / determined / markup / nature
13,9,regulations,0.35080243537424705,my / praktik / determined / markup / nature
13,10,only,0.33580468508073485,my / praktik / determined / markup / nature
