speech_id,file_name,language_estimate,rank,token,frequency
SPCH_001_BRICS_LEADERS,NASKAH-PIDATO-PRABOWO-BRICS-LEADERS.txt,en,1,brics,7
SPCH_001_BRICS_LEADERS,NASKAH-PIDATO-PRABOWO-BRICS-LEADERS.txt,en,2,must,5
SPCH_001_BRICS_LEADERS,NASKAH-PIDATO-PRABOWO-BRICS-LEADERS.txt,en,3,world,4
SPCH_001_BRICS_LEADERS,NASKAH-PIDATO-PRABOWO-BRICS-LEADERS.txt,en,4,president,4
SPCH_001_BRICS_LEADERS,NASKAH-PIDATO-PRABOWO-BRICS-LEADERS.txt,en,5,countries,4
SPCH_001_BRICS_LEADERS,NASKAH-PIDATO-PRABOWO-BRICS-LEADERS.txt,en,6,indonesia,3
SPCH_001_BRICS_LEADERS,NASKAH-PIDATO-PRABOWO-BRICS-LEADERS.txt,en,7,fully,3
SPCH_001_BRICS_LEADERS,NASKAH-PIDATO-PRABOWO-BRICS-LEADERS.txt,en,8,support,3
SPCH_001_BRICS_LEADERS,NASKAH-PIDATO-PRABOWO-BRICS-LEADERS.txt,en,9,biggest,3
SPCH_001_BRICS_LEADERS,NASKAH-PIDATO-PRABOWO-BRICS-LEADERS.txt,en,10,continue,3
SPCH_001_BRICS_LEADERS,NASKAH-PIDATO-PRABOWO-BRICS-LEADERS.txt,en,11,indeed,2
SPCH_001_BRICS_LEADERS,NASKAH-PIDATO-PRABOWO-BRICS-LEADERS.txt,en,12,pillar,2
SPCH_001_BRICS_LEADERS,NASKAH-PIDATO-PRABOWO-BRICS-LEADERS.txt,en,13,international,2
SPCH_001_BRICS_LEADERS,NASKAH-PIDATO-PRABOWO-BRICS-LEADERS.txt,en,14,china,2
SPCH_001_BRICS_LEADERS,NASKAH-PIDATO-PRABOWO-BRICS-LEADERS.txt,en,15,population,2
SPCH_001_BRICS_LEADERS,NASKAH-PIDATO-PRABOWO-BRICS-LEADERS.txt,en,16,resources,2
SPCH_001_BRICS_LEADERS,NASKAH-PIDATO-PRABOWO-BRICS-LEADERS.txt,en,17,closer,2
SPCH_001_BRICS_LEADERS,NASKAH-PIDATO-PRABOWO-BRICS-LEADERS.txt,en,18,weapon,2
SPCH_001_BRICS_LEADERS,NASKAH-PIDATO-PRABOWO-BRICS-LEADERS.txt,en,19,leaders,1
SPCH_001_BRICS_LEADERS,NASKAH-PIDATO-PRABOWO-BRICS-LEADERS.txt,en,20,great,1
SPCH_001_BRICS_LEADERS,NASKAH-PIDATO-PRABOWO-BRICS-LEADERS.txt,en,21,honor,1
SPCH_001_BRICS_LEADERS,NASKAH-PIDATO-PRABOWO-BRICS-LEADERS.txt,en,22,join,1
SPCH_001_BRICS_LEADERS,NASKAH-PIDATO-PRABOWO-BRICS-LEADERS.txt,en,23,important,1
SPCH_001_BRICS_LEADERS,NASKAH-PIDATO-PRABOWO-BRICS-LEADERS.txt,en,24,meeting,1
SPCH_001_BRICS_LEADERS,NASKAH-PIDATO-PRABOWO-BRICS-LEADERS.txt,en,25,considers,1
SPCH_002_PANEN_RAYA,NASKAH-PIDATO-PRABOWO-PANEN-RAYA.txt,id,1,indonesia,51
SPCH_002_PANEN_RAYA,NASKAH-PIDATO-PRABOWO-PANEN-RAYA.txt,id,2,bangsa,30
SPCH_002_PANEN_RAYA,NASKAH-PIDATO-PRABOWO-PANEN-RAYA.txt,id,3,rakyat,29
SPCH_002_PANEN_RAYA,NASKAH-PIDATO-PRABOWO-PANEN-RAYA.txt,id,4,enggak,29
SPCH_002_PANEN_RAYA,NASKAH-PIDATO-PRABOWO-PANEN-RAYA.txt,id,5,swasembada,23
SPCH_002_PANEN_RAYA,NASKAH-PIDATO-PRABOWO-PANEN-RAYA.txt,id,6,tahun,23
SPCH_002_PANEN_RAYA,NASKAH-PIDATO-PRABOWO-PANEN-RAYA.txt,id,7,kasih,21
SPCH_002_PANEN_RAYA,NASKAH-PIDATO-PRABOWO-PANEN-RAYA.txt,id,8,petani,18
SPCH_002_PANEN_RAYA,NASKAH-PIDATO-PRABOWO-PANEN-RAYA.txt,id,9,hadir,15
SPCH_002_PANEN_RAYA,NASKAH-PIDATO-PRABOWO-PANEN-RAYA.txt,id,10,pangan,14
SPCH_002_PANEN_RAYA,NASKAH-PIDATO-PRABOWO-PANEN-RAYA.txt,id,11,negara,14
SPCH_002_PANEN_RAYA,NASKAH-PIDATO-PRABOWO-PANEN-RAYA.txt,id,12,berjuang,12
SPCH_002_PANEN_RAYA,NASKAH-PIDATO-PRABOWO-PANEN-RAYA.txt,id,13,pertanian,11
SPCH_002_PANEN_RAYA,NASKAH-PIDATO-PRABOWO-PANEN-RAYA.txt,id,14,ketua,10
SPCH_002_PANEN_RAYA,NASKAH-PIDATO-PRABOWO-PANEN-RAYA.txt,id,15,pak,10
SPCH_002_PANEN_RAYA,NASKAH-PIDATO-PRABOWO-PANEN-RAYA.txt,id,16,menjadi,10
SPCH_002_PANEN_RAYA,NASKAH-PIDATO-PRABOWO-PANEN-RAYA.txt,id,17,tentara,10
SPCH_002_PANEN_RAYA,NASKAH-PIDATO-PRABOWO-PANEN-RAYA.txt,id,18,makan,10
SPCH_002_PANEN_RAYA,NASKAH-PIDATO-PRABOWO-PANEN-RAYA.txt,id,19,memberi,10
SPCH_002_PANEN_RAYA,NASKAH-PIDATO-PRABOWO-PANEN-RAYA.txt,id,20,penting,9
SPCH_002_PANEN_RAYA,NASKAH-PIDATO-PRABOWO-PANEN-RAYA.txt,id,21,melihat,9
SPCH_002_PANEN_RAYA,NASKAH-PIDATO-PRABOWO-PANEN-RAYA.txt,id,22,umum,8
SPCH_002_PANEN_RAYA,NASKAH-PIDATO-PRABOWO-PANEN-RAYA.txt,id,23,merdeka,8
SPCH_002_PANEN_RAYA,NASKAH-PIDATO-PRABOWO-PANEN-RAYA.txt,id,24,masuk,8
SPCH_002_PANEN_RAYA,NASKAH-PIDATO-PRABOWO-PANEN-RAYA.txt,id,25,merasa,8
SPCH_003_PERESMIAN_INFRASTRUKTUR_ENERGI,NASKAH-PIDATO-PRABOWO-PERESMIAN-INFRASTRUKTUR-ENERGI.txt,id,1,pertamina,24
SPCH_003_PERESMIAN_INFRASTRUKTUR_ENERGI,NASKAH-PIDATO-PRABOWO-PERESMIAN-INFRASTRUKTUR-ENERGI.txt,id,2,bangsa,21
SPCH_003_PERESMIAN_INFRASTRUKTUR_ENERGI,NASKAH-PIDATO-PRABOWO-PERESMIAN-INFRASTRUKTUR-ENERGI.txt,id,3,tahun,20
SPCH_003_PERESMIAN_INFRASTRUKTUR_ENERGI,NASKAH-PIDATO-PRABOWO-PERESMIAN-INFRASTRUKTUR-ENERGI.txt,id,4,negara,13
SPCH_003_PERESMIAN_INFRASTRUKTUR_ENERGI,NASKAH-PIDATO-PRABOWO-PERESMIAN-INFRASTRUKTUR-ENERGI.txt,id,5,energi,12
SPCH_003_PERESMIAN_INFRASTRUKTUR_ENERGI,NASKAH-PIDATO-PRABOWO-PERESMIAN-INFRASTRUKTUR-ENERGI.txt,id,6,sekarang,12
SPCH_003_PERESMIAN_INFRASTRUKTUR_ENERGI,NASKAH-PIDATO-PRABOWO-PERESMIAN-INFRASTRUKTUR-ENERGI.txt,id,7,hadir,11
SPCH_003_PERESMIAN_INFRASTRUKTUR_ENERGI,NASKAH-PIDATO-PRABOWO-PERESMIAN-INFRASTRUKTUR-ENERGI.txt,id,8,kasih,11
SPCH_003_PERESMIAN_INFRASTRUKTUR_ENERGI,NASKAH-PIDATO-PRABOWO-PERESMIAN-INFRASTRUKTUR-ENERGI.txt,id,9,menjadi,10
SPCH_003_PERESMIAN_INFRASTRUKTUR_ENERGI,NASKAH-PIDATO-PRABOWO-PERESMIAN-INFRASTRUKTUR-ENERGI.txt,id,10,indonesia,9
SPCH_003_PERESMIAN_INFRASTRUKTUR_ENERGI,NASKAH-PIDATO-PRABOWO-PERESMIAN-INFRASTRUKTUR-ENERGI.txt,id,11,hasilkan,9
SPCH_003_PERESMIAN_INFRASTRUKTUR_ENERGI,NASKAH-PIDATO-PRABOWO-PERESMIAN-INFRASTRUKTUR-ENERGI.txt,id,12,petani,9
SPCH_003_PERESMIAN_INFRASTRUKTUR_ENERGI,NASKAH-PIDATO-PRABOWO-PERESMIAN-INFRASTRUKTUR-ENERGI.txt,id,13,makan,8
SPCH_003_PERESMIAN_INFRASTRUKTUR_ENERGI,NASKAH-PIDATO-PRABOWO-PERESMIAN-INFRASTRUKTUR-ENERGI.txt,id,14,impor,8
SPCH_003_PERESMIAN_INFRASTRUKTUR_ENERGI,NASKAH-PIDATO-PRABOWO-PERESMIAN-INFRASTRUKTUR-ENERGI.txt,id,15,tahu,8
SPCH_003_PERESMIAN_INFRASTRUKTUR_ENERGI,NASKAH-PIDATO-PRABOWO-PERESMIAN-INFRASTRUKTUR-ENERGI.txt,id,16,agent,8
SPCH_003_PERESMIAN_INFRASTRUKTUR_ENERGI,NASKAH-PIDATO-PRABOWO-PERESMIAN-INFRASTRUKTUR-ENERGI.txt,id,17,berhasil,7
SPCH_003_PERESMIAN_INFRASTRUKTUR_ENERGI,NASKAH-PIDATO-PRABOWO-PERESMIAN-INFRASTRUKTUR-ENERGI.txt,id,18,manajemen,7
SPCH_003_PERESMIAN_INFRASTRUKTUR_ENERGI,NASKAH-PIDATO-PRABOWO-PERESMIAN-INFRASTRUKTUR-ENERGI.txt,id,19,rakyat,7
SPCH_003_PERESMIAN_INFRASTRUKTUR_ENERGI,NASKAH-PIDATO-PRABOWO-PERESMIAN-INFRASTRUKTUR-ENERGI.txt,id,20,kemerdekaan,7
SPCH_003_PERESMIAN_INFRASTRUKTUR_ENERGI,NASKAH-PIDATO-PRABOWO-PERESMIAN-INFRASTRUKTUR-ENERGI.txt,id,21,juta,7
SPCH_003_PERESMIAN_INFRASTRUKTUR_ENERGI,NASKAH-PIDATO-PRABOWO-PERESMIAN-INFRASTRUKTUR-ENERGI.txt,id,22,jajaran,6
SPCH_003_PERESMIAN_INFRASTRUKTUR_ENERGI,NASKAH-PIDATO-PRABOWO-PERESMIAN-INFRASTRUKTUR-ENERGI.txt,id,23,mencapai,6
SPCH_003_PERESMIAN_INFRASTRUKTUR_ENERGI,NASKAH-PIDATO-PRABOWO-PERESMIAN-INFRASTRUKTUR-ENERGI.txt,id,24,pupuk,6
SPCH_003_PERESMIAN_INFRASTRUKTUR_ENERGI,NASKAH-PIDATO-PRABOWO-PERESMIAN-INFRASTRUKTUR-ENERGI.txt,id,25,perang,6
SPCH_004_PERESMIAN_166_SEKOLAH,NASKAH-PIDATO-PRABOWO-PERESMIAN-166-SEKOLAH.txt,id,1,indonesia,24
SPCH_004_PERESMIAN_166_SEKOLAH,NASKAH-PIDATO-PRABOWO-PERESMIAN-166-SEKOLAH.txt,id,2,rakyat,22
SPCH_004_PERESMIAN_166_SEKOLAH,NASKAH-PIDATO-PRABOWO-PERESMIAN-166-SEKOLAH.txt,id,3,kasih,17
SPCH_004_PERESMIAN_166_SEKOLAH,NASKAH-PIDATO-PRABOWO-PERESMIAN-166-SEKOLAH.txt,id,4,enggak,17
SPCH_004_PERESMIAN_166_SEKOLAH,NASKAH-PIDATO-PRABOWO-PERESMIAN-166-SEKOLAH.txt,id,5,negara,16
SPCH_004_PERESMIAN_166_SEKOLAH,NASKAH-PIDATO-PRABOWO-PERESMIAN-166-SEKOLAH.txt,id,6,sekolah,16
SPCH_004_PERESMIAN_166_SEKOLAH,NASKAH-PIDATO-PRABOWO-PERESMIAN-166-SEKOLAH.txt,id,7,kau,14
SPCH_004_PERESMIAN_166_SEKOLAH,NASKAH-PIDATO-PRABOWO-PERESMIAN-166-SEKOLAH.txt,id,8,melihat,14
SPCH_004_PERESMIAN_166_SEKOLAH,NASKAH-PIDATO-PRABOWO-PERESMIAN-166-SEKOLAH.txt,id,9,tni,12
SPCH_004_PERESMIAN_166_SEKOLAH,NASKAH-PIDATO-PRABOWO-PERESMIAN-166-SEKOLAH.txt,id,10,berani,12
SPCH_004_PERESMIAN_166_SEKOLAH,NASKAH-PIDATO-PRABOWO-PERESMIAN-166-SEKOLAH.txt,id,11,biasa,12
SPCH_004_PERESMIAN_166_SEKOLAH,NASKAH-PIDATO-PRABOWO-PERESMIAN-166-SEKOLAH.txt,id,12,punya,11
SPCH_004_PERESMIAN_166_SEKOLAH,NASKAH-PIDATO-PRABOWO-PERESMIAN-166-SEKOLAH.txt,id,13,tahun,11
SPCH_004_PERESMIAN_166_SEKOLAH,NASKAH-PIDATO-PRABOWO-PERESMIAN-166-SEKOLAH.txt,id,14,anak-anak,11
SPCH_004_PERESMIAN_166_SEKOLAH,NASKAH-PIDATO-PRABOWO-PERESMIAN-166-SEKOLAH.txt,id,15,melindungi,10
SPCH_004_PERESMIAN_166_SEKOLAH,NASKAH-PIDATO-PRABOWO-PERESMIAN-166-SEKOLAH.txt,id,16,saudari,9
SPCH_004_PERESMIAN_166_SEKOLAH,NASKAH-PIDATO-PRABOWO-PERESMIAN-166-SEKOLAH.txt,id,17,lebih,9
SPCH_004_PERESMIAN_166_SEKOLAH,NASKAH-PIDATO-PRABOWO-PERESMIAN-166-SEKOLAH.txt,id,18,hadir,8
SPCH_004_PERESMIAN_166_SEKOLAH,NASKAH-PIDATO-PRABOWO-PERESMIAN-166-SEKOLAH.txt,id,19,pintar,8
SPCH_004_PERESMIAN_166_SEKOLAH,NASKAH-PIDATO-PRABOWO-PERESMIAN-166-SEKOLAH.txt,id,20,langkah,8
SPCH_004_PERESMIAN_166_SEKOLAH,NASKAH-PIDATO-PRABOWO-PERESMIAN-166-SEKOLAH.txt,id,21,cara,8
SPCH_004_PERESMIAN_166_SEKOLAH,NASKAH-PIDATO-PRABOWO-PERESMIAN-166-SEKOLAH.txt,id,22,bangsa,8
SPCH_004_PERESMIAN_166_SEKOLAH,NASKAH-PIDATO-PRABOWO-PERESMIAN-166-SEKOLAH.txt,id,23,berbuat,8
SPCH_004_PERESMIAN_166_SEKOLAH,NASKAH-PIDATO-PRABOWO-PERESMIAN-166-SEKOLAH.txt,id,24,keras,8
SPCH_004_PERESMIAN_166_SEKOLAH,NASKAH-PIDATO-PRABOWO-PERESMIAN-166-SEKOLAH.txt,id,25,boleh,8
SPCH_005_WORLD_ECONOMIC_FORUM,NASKAH-PIDATO-PRABOWO-WORLD-ECONOMIC-FORUM.txt,en,1,indonesia,30
SPCH_005_WORLD_ECONOMIC_FORUM,NASKAH-PIDATO-PRABOWO-WORLD-ECONOMIC-FORUM.txt,en,2,year,19
SPCH_005_WORLD_ECONOMIC_FORUM,NASKAH-PIDATO-PRABOWO-WORLD-ECONOMIC-FORUM.txt,en,3,many,17
SPCH_005_WORLD_ECONOMIC_FORUM,NASKAH-PIDATO-PRABOWO-WORLD-ECONOMIC-FORUM.txt,en,4,must,16
SPCH_005_WORLD_ECONOMIC_FORUM,NASKAH-PIDATO-PRABOWO-WORLD-ECONOMIC-FORUM.txt,en,5,million,15
SPCH_005_WORLD_ECONOMIC_FORUM,NASKAH-PIDATO-PRABOWO-WORLD-ECONOMIC-FORUM.txt,en,6,growth,14
SPCH_005_WORLD_ECONOMIC_FORUM,NASKAH-PIDATO-PRABOWO-WORLD-ECONOMIC-FORUM.txt,en,7,people,14
SPCH_005_WORLD_ECONOMIC_FORUM,NASKAH-PIDATO-PRABOWO-WORLD-ECONOMIC-FORUM.txt,en,8,children,13
SPCH_005_WORLD_ECONOMIC_FORUM,NASKAH-PIDATO-PRABOWO-WORLD-ECONOMIC-FORUM.txt,en,9,peace,12
SPCH_005_WORLD_ECONOMIC_FORUM,NASKAH-PIDATO-PRABOWO-WORLD-ECONOMIC-FORUM.txt,en,10,determined,12
SPCH_005_WORLD_ECONOMIC_FORUM,NASKAH-PIDATO-PRABOWO-WORLD-ECONOMIC-FORUM.txt,en,11,schools,12
SPCH_005_WORLD_ECONOMIC_FORUM,NASKAH-PIDATO-PRABOWO-WORLD-ECONOMIC-FORUM.txt,en,12,i'm,11
SPCH_005_WORLD_ECONOMIC_FORUM,NASKAH-PIDATO-PRABOWO-WORLD-ECONOMIC-FORUM.txt,en,13,years,11
SPCH_005_WORLD_ECONOMIC_FORUM,NASKAH-PIDATO-PRABOWO-WORLD-ECONOMIC-FORUM.txt,en,14,economic,10
SPCH_005_WORLD_ECONOMIC_FORUM,NASKAH-PIDATO-PRABOWO-WORLD-ECONOMIC-FORUM.txt,en,15,world,10
SPCH_005_WORLD_ECONOMIC_FORUM,NASKAH-PIDATO-PRABOWO-WORLD-ECONOMIC-FORUM.txt,en,16,government,10
SPCH_005_WORLD_ECONOMIC_FORUM,NASKAH-PIDATO-PRABOWO-WORLD-ECONOMIC-FORUM.txt,en,17,danantara,10
SPCH_005_WORLD_ECONOMIC_FORUM,NASKAH-PIDATO-PRABOWO-WORLD-ECONOMIC-FORUM.txt,en,18,one,10
SPCH_005_WORLD_ECONOMIC_FORUM,NASKAH-PIDATO-PRABOWO-WORLD-ECONOMIC-FORUM.txt,en,19,free,10
SPCH_005_WORLD_ECONOMIC_FORUM,NASKAH-PIDATO-PRABOWO-WORLD-ECONOMIC-FORUM.txt,en,20,law,10
SPCH_005_WORLD_ECONOMIC_FORUM,NASKAH-PIDATO-PRABOWO-WORLD-ECONOMIC-FORUM.txt,en,21,stability,9
SPCH_005_WORLD_ECONOMIC_FORUM,NASKAH-PIDATO-PRABOWO-WORLD-ECONOMIC-FORUM.txt,en,22,country,9
SPCH_005_WORLD_ECONOMIC_FORUM,NASKAH-PIDATO-PRABOWO-WORLD-ECONOMIC-FORUM.txt,en,23,want,9
SPCH_005_WORLD_ECONOMIC_FORUM,NASKAH-PIDATO-PRABOWO-WORLD-ECONOMIC-FORUM.txt,en,24,first,9
SPCH_005_WORLD_ECONOMIC_FORUM,NASKAH-PIDATO-PRABOWO-WORLD-ECONOMIC-FORUM.txt,en,25,hope,9
SPCH_006_PBB_80,NASKAH-PIDATO-PRABOWO-PBB-80.txt,en,1,nations,22
SPCH_006_PBB_80,NASKAH-PIDATO-PRABOWO-PBB-80.txt,en,2,must,20
SPCH_006_PBB_80,NASKAH-PIDATO-PRABOWO-PBB-80.txt,en,3,united,19
SPCH_006_PBB_80,NASKAH-PIDATO-PRABOWO-PBB-80.txt,en,4,world,13
SPCH_006_PBB_80,NASKAH-PIDATO-PRABOWO-PBB-80.txt,en,5,indonesia,12
SPCH_006_PBB_80,NASKAH-PIDATO-PRABOWO-PBB-80.txt,en,6,peace,11
SPCH_006_PBB_80,NASKAH-PIDATO-PRABOWO-PBB-80.txt,en,7,great,9
SPCH_006_PBB_80,NASKAH-PIDATO-PRABOWO-PBB-80.txt,en,8,today,9
SPCH_006_PBB_80,NASKAH-PIDATO-PRABOWO-PBB-80.txt,en,9,human,9
SPCH_006_PBB_80,NASKAH-PIDATO-PRABOWO-PBB-80.txt,en,10,president,8
SPCH_006_PBB_80,NASKAH-PIDATO-PRABOWO-PBB-80.txt,en,11,madam,7
SPCH_006_PBB_80,NASKAH-PIDATO-PRABOWO-PBB-80.txt,en,12,assembly,7
SPCH_006_PBB_80,NASKAH-PIDATO-PRABOWO-PBB-80.txt,en,13,live,7
SPCH_006_PBB_80,NASKAH-PIDATO-PRABOWO-PBB-80.txt,en,14,general,6
SPCH_006_PBB_80,NASKAH-PIDATO-PRABOWO-PBB-80.txt,en,15,justice,6
SPCH_006_PBB_80,NASKAH-PIDATO-PRABOWO-PBB-80.txt,en,16,overcome,6
SPCH_006_PBB_80,NASKAH-PIDATO-PRABOWO-PBB-80.txt,en,17,security,6
SPCH_006_PBB_80,NASKAH-PIDATO-PRABOWO-PBB-80.txt,en,18,journey,5
SPCH_006_PBB_80,NASKAH-PIDATO-PRABOWO-PBB-80.txt,en,19,poverty,5
SPCH_006_PBB_80,NASKAH-PIDATO-PRABOWO-PBB-80.txt,en,20,continue,5
SPCH_006_PBB_80,NASKAH-PIDATO-PRABOWO-PBB-80.txt,en,21,oppression,5
SPCH_006_PBB_80,NASKAH-PIDATO-PRABOWO-PBB-80.txt,en,22,food,5
SPCH_006_PBB_80,NASKAH-PIDATO-PRABOWO-PBB-80.txt,en,23,years,5
SPCH_006_PBB_80,NASKAH-PIDATO-PRABOWO-PBB-80.txt,en,24,strong,5
SPCH_006_PBB_80,NASKAH-PIDATO-PRABOWO-PBB-80.txt,en,25,right,5
